연도,구명,일일인구,10대인구,20대인구,30대인구,40대인구,50대인구,60대이상인구,월요일인구,화요일인구,수요일인구,목요일인구,금요일인구,토요일인구,일요일인구,남성인구,여성인구
2018Y 1Q,강남구,465032,25554,141243,123454,83335,52452,38955,69791,74779,75574,69517,72397,57802,45116,240663,224362
2018Y 1Q,강동구,180016,13435,38329,35388,32291,33479,27050,25448,25655,26143,24545,25703,26245,26234,90710,89295
2018Y 1Q,강북구,127168,9182,33053,22162,21470,22483,18785,17552,17473,17839,17301,18306,19408,19251,62494,64667
2018Y 1Q,강서구,135198,9735,30359,30643,24271,22269,17880,18923,18941,19284,18610,19196,20002,20192,68702,66487
2018Y 1Q,관악구,246612,13674,93796,49894,32180,30920,26100,33899,33916,34591,33523,35020,38178,37422,130284,116317
2018Y 1Q,광진구,154225,11439,53926,29414,21801,21926,15683,21122,20966,21660,20994,22034,24504,22897,78272,75947
2018Y 1Q,구로구,121716,5656,29192,28180,22154,20822,15679,17130,17235,17591,16913,17608,17396,17800,63906,57801
2018Y 1Q,금천구,54973,1984,12038,12263,10300,11014,7352,7848,7854,7996,7683,8045,7911,7612,30265,24702
2018Y 1Q,노원구,78026,8644,23131,12377,12256,12306,9289,10611,10660,10832,10462,11297,12377,11758,37546,40475
2018Y 1Q,도봉구,57769,3504,11959,9841,10510,12118,9804,8038,8075,8232,8001,8379,8430,8570,29507,28255
2018Y 1Q,동대문구,196367,14191,61521,34287,29310,29813,27211,28469,29149,29510,27694,28279,27056,26171,101954,94407
2018Y 1Q,동작구,171004,12150,58833,31764,23482,23620,21117,24408,24995,25317,23971,25013,24544,22714,88121,82876
2018Y 1Q,마포구,275255,23030,109482,57573,38487,27612,19034,37572,38571,39354,37887,40291,43764,37765,132499,142748
2018Y 1Q,서대문구,153216,13062,65868,25382,19663,16825,12381,21593,22219,22501,21437,22248,22709,20468,72231,80979
2018Y 1Q,서초구,248730,13223,72653,58866,44718,33045,26189,37160,38987,39398,36568,38581,31839,26149,131895,116828
2018Y 1Q,성동구,98096,5393,27091,20858,16767,16221,11734,14202,14591,14878,14020,14495,13329,12549,51634,46453
2018Y 1Q,성북구,157453,17010,54576,25581,22677,20787,16779,22630,22840,23183,22025,22577,22144,22007,76869,80576
2018Y 1Q,송파구,124696,8380,29963,27734,21958,20553,16065,17552,17794,18096,17338,18110,18398,17356,64701,59985
2018Y 1Q,양천구,87225,8161,17138,16859,16613,16086,12329,12248,12298,12454,12028,12615,12874,12663,44717,42506
2018Y 1Q,영등포구,198687,7854,49669,43426,36011,34935,26747,28051,28485,28945,27537,29064,28535,28017,106161,92515
2018Y 1Q,용산구,108863,5390,36340,27261,17696,12732,9406,14925,15216,15692,15007,16043,16573,15356,55949,52908
2018Y 1Q,은평구,158286,14621,37967,28484,27036,26920,23225,22036,22003,22311,21679,22731,24202,23280,77883,80397
2018Y 1Q,종로구,197626,10101,64254,39994,32185,27753,23302,28544,30264,30661,28521,29893,27702,21999,104558,93060
2018Y 1Q,중구,181406,5741,44944,43173,34712,30289,22518,27428,29667,29912,27369,28612,21505,16871,95634,85766
2018Y 1Q,중랑구,104943,6886,21719,19860,18482,21348,16612,14711,14556,14750,14351,14919,15530,16086,53311,51626
2018Y 2Q,강남구,469044,22231,139611,125946,85004,54531,41674,68897,70512,70398,75350,77308,60187,46335,241880,227157
2018Y 2Q,강동구,192802,12797,40718,38331,34634,36005,30280,26391,26597,27172,27168,28576,29427,27424,96098,96695
2018Y 2Q,강북구,137520,8568,35210,23968,23292,24607,21843,18984,18685,19158,18600,19819,21313,20924,67648,69868
2018Y 2Q,강서구,148724,9772,32715,33681,26579,24859,21081,20207,20027,21155,21139,21699,22842,21609,74806,73910
2018Y 2Q,관악구,264596,13088,97324,54668,34875,34004,30584,36050,35860,36738,36104,37674,42023,40080,139222,125362
2018Y 2Q,광진구,179366,11954,60403,34956,25667,26334,20015,23950,24497,24929,24792,26238,28991,25923,89790,89566
2018Y 2Q,구로구,125461,5276,29251,28512,23210,21980,17198,17525,17470,17584,17917,18530,18136,18255,65932,59521
2018Y 2Q,금천구,61677,1886,13419,13752,11371,12416,8814,8763,8658,8730,8765,9080,8992,8663,33726,27946
2018Y 2Q,노원구,82650,7539,23532,13432,13280,13880,10963,11210,11207,11463,11287,12102,13094,12261,39540,43104
2018Y 2Q,도봉구,74932,4446,14963,12693,13538,15682,13574,10560,10520,10620,10419,10588,10968,11219,37751,37172
2018Y 2Q,동대문구,201706,14269,63672,34459,29214,30905,29148,29410,29693,29530,30134,29583,27473,25840,104538,97161
2018Y 2Q,동작구,187413,12904,64541,34890,25496,25393,24152,26745,26770,26931,27335,28387,27244,23957,95881,91525
2018Y 2Q,마포구,286827,20642,110909,62256,41513,30005,21468,38468,38913,39634,40370,44095,46237,39063,137702,149115
2018Y 2Q,서대문구,171451,12767,70448,30489,23072,19574,15066,24061,24485,24280,25259,26283,25084,21956,80789,90655
2018Y 2Q,서초구,261148,12739,73540,62549,47478,35640,29174,38405,38567,38583,40538,42786,34271,27954,137349,123792
2018Y 2Q,성동구,108470,5590,29341,23459,18379,17865,13801,15582,15598,15720,15986,16487,15116,13943,56493,51972
2018Y 2Q,성북구,171502,18024,60331,27456,24288,22444,18915,24700,24895,24906,25056,24973,23942,22981,83133,88360
2018Y 2Q,송파구,135462,8202,32074,30905,23649,22530,18060,18494,18954,19087,19258,20287,20630,18701,69642,65809
2018Y 2Q,양천구,89909,7097,17265,17444,17267,17162,13634,12247,12231,12781,12676,13203,13775,12951,46074,43828
2018Y 2Q,영등포구,223499,8346,53172,48898,40222,39903,32913,31164,30899,31463,32151,33704,32849,31212,117757,105733
2018Y 2Q,용산구,123000,5581,41437,31379,19671,14019,10872,16605,16587,17050,17310,18848,19300,17256,62094,60898
2018Y 2Q,은평구,190537,15726,42772,34883,33110,33604,30405,26920,26415,26782,26339,27442,28849,27746,92238,98293
2018Y 2Q,종로구,210012,10449,65044,42537,34415,30880,26653,29781,30727,31058,31778,33505,29735,23383,110660,99347
2018Y 2Q,중구,198974,6456,48323,46983,37412,33548,26218,30271,30662,30431,32071,32886,24089,18522,103979,94987
2018Y 2Q,중랑구,107953,5972,22118,20485,18632,22411,18298,15059,14719,14885,14792,15267,16502,16687,54716,53230
2018Y 3Q,강남구,472695,27537,142345,122589,84696,54269,41217,68476,72537,71890,76058,77803,60284,45594,243308,229377
2018Y 3Q,강동구,195710,13673,42360,38565,33979,36182,30914,26978,27523,27682,27618,28992,29052,27822,98416,97289
2018Y 3Q,강북구,143861,9175,37511,24753,23812,25846,22735,19987,20048,19885,19743,20909,21821,21429,70930,72924
2018Y 3Q,강서구,170639,11791,38439,37996,30154,27964,24255,23670,23962,24039,24033,24960,25229,24699,85782,84850
2018Y 3Q,관악구,274065,13627,103576,56188,35272,34333,31016,37285,37806,38733,37662,39525,42001,40993,145205,128849
2018Y 3Q,광진구,176668,11585,62467,33678,24582,25288,19029,23892,24258,24567,24371,25915,27970,25648,88948,87709
2018Y 3Q,구로구,130200,5556,30442,28876,23987,22910,18397,18562,18546,18417,18452,19165,18350,18669,68920,61274
2018Y 3Q,금천구,61316,1950,13619,13590,11309,12144,8678,8706,8729,8720,8729,9080,8886,8443,33477,27833
2018Y 3Q,노원구,92751,8609,27542,14787,14402,15277,12105,12639,12999,12836,12555,13856,14456,13381,44613,48135
2018Y 3Q,도봉구,59106,3303,12150,10024,10236,12365,10997,8311,8311,8147,8144,8555,8730,8869,30102,29000
2018Y 3Q,동대문구,208674,11842,62451,36851,31281,33907,32305,29647,30092,29619,30468,31712,29442,27652,108719,99945
2018Y 3Q,동작구,184977,11265,63192,34593,25645,25523,24720,25947,26481,26559,26961,27908,26838,24240,94486,90485
2018Y 3Q,마포구,303189,21494,118567,64710,43607,31860,22919,39947,42155,42905,43682,46790,47550,40113,145352,157833
2018Y 3Q,서대문구,183255,12357,74530,33003,25282,21491,16556,25387,26343,26684,27499,28408,26111,22782,87009,96237
2018Y 3Q,서초구,266824,14237,77963,62400,47524,35581,29085,38683,40299,40173,42039,43759,34075,27759,140481,126336
2018Y 3Q,성동구,119586,6099,33694,25579,20000,19055,15126,17099,17452,17223,17870,18409,16379,15117,62115,57465
2018Y 3Q,성북구,183856,16123,63309,30621,26591,25459,21711,26399,26658,26059,26171,26535,26387,25597,88938,94913
2018Y 3Q,송파구,140677,9012,34702,31319,24130,22914,18559,19129,19894,20029,20189,21103,20899,19390,72494,68173
2018Y 3Q,양천구,92646,7731,18337,17534,17549,17408,14047,12981,13022,12974,13047,13631,13736,13203,47563,45072
2018Y 3Q,영등포구,214214,7826,53935,46623,37814,37332,30636,29948,30572,30573,30785,32238,30550,29491,112643,101561
2018Y 3Q,용산구,114299,4642,39093,28834,18165,13270,10255,15271,15771,15862,16238,17566,17609,15938,58413,55879
2018Y 3Q,은평구,184711,15345,43990,33210,30981,32128,29021,25947,26037,25593,25482,27086,27816,26705,90321,94386
2018Y 3Q,종로구,196757,9283,63578,39218,31480,28403,24761,27172,29361,29263,30007,31360,27823,21729,103559,93195
2018Y 3Q,중구,193285,5929,48116,45572,36357,32057,25219,29170,30984,29085,30838,32264,23211,17685,101138,92137
2018Y 3Q,중랑구,105052,5968,22409,19701,17725,21425,17789,14812,14557,14508,14536,15095,15716,15787,53698,51345
2018Y 4Q,강남구,476075,23628,136514,125999,86701,57883,45305,70421,70201,73452,75347,77702,61674,47226,246672,229396
2018Y 4Q,강동구,184722,12011,38414,36081,32177,35230,30772,25849,25703,25812,25540,27146,27869,26752,93449,91270
2018Y 4Q,강북구,132305,7819,33617,22739,21769,24450,21879,18261,18087,18059,17796,19106,20709,20251,65402,66899
2018Y 4Q,강서구,148687,9585,32416,32918,26274,25039,22415,20817,20700,20833,20482,21331,22509,21965,75571,73107
2018Y 4Q,관악구,231242,10284,85958,47302,29470,30401,27776,31640,31595,31636,31298,33303,36536,35174,123396,107838
2018Y 4Q,광진구,163182,10126,56372,31181,22738,24140,18589,22196,22156,22232,21975,23734,26514,24330,82470,80708
2018Y 4Q,구로구,121287,4769,27423,26764,22100,21960,18237,17291,16964,17030,16962,17749,17616,17631,64426,56854
2018Y 4Q,금천구,56641,1500,12234,12491,10129,11501,8764,8074,7888,7979,7916,8330,8420,8008,31086,25550
2018Y 4Q,노원구,76825,6900,22444,12121,11996,12916,10423,10482,10471,10477,10289,11380,12371,11327,37338,39484
2018Y 4Q,도봉구,51936,2639,10075,8546,9075,11285,10285,7204,7155,7163,7137,7506,7755,7977,26566,25363
2018Y 4Q,동대문구,182408,10255,56964,31192,26467,28884,28614,26271,26297,26544,26496,26927,25670,24159,96266,86134
2018Y 4Q,동작구,186777,10871,64437,34287,25195,26348,25605,26818,26698,26760,26614,27778,27524,24543,96175,90595
2018Y 4Q,마포구,320100,20943,123875,68951,46365,34389,25539,44693,44437,44363,44515,48116,49886,44044,154002,166091
2018Y 4Q,서대문구,182926,11613,73996,32527,25348,21847,17560,26540,26338,26240,26524,27490,25658,24095,86925,95993
2018Y 4Q,서초구,259807,11900,71414,61775,46804,36934,30950,38417,37968,39280,40227,41993,34275,27607,138123,121676
2018Y 4Q,성동구,105369,5058,28987,22874,17649,17123,13643,15162,15114,15357,15310,15892,14834,13661,55451,49910
2018Y 4Q,성북구,164447,14603,58744,26071,23006,22366,19616,23552,23445,23760,23573,23739,23620,22705,79705,84731
2018Y 4Q,송파구,135063,7957,31763,30207,23534,22722,18844,18768,18810,18943,19008,20174,20305,19007,69832,65224
2018Y 4Q,양천구,84567,6361,15868,16133,16004,16348,13812,11902,11733,11791,11620,12308,12823,12337,43743,40815
2018Y 4Q,영등포구,205409,6443,49911,45042,36157,36735,31074,28966,28562,29027,28926,30509,30315,29052,109033,96368
2018Y 4Q,용산구,118895,4891,40575,29246,18577,14281,11284,16469,16202,16346,16377,17520,18493,17445,60373,58516
2018Y 4Q,은평구,168060,13394,38459,30506,28092,29738,27834,23643,23244,23169,22849,24553,25606,24951,82671,85382
2018Y 4Q,종로구,191611,8874,60068,37609,30554,28677,25794,26960,27482,27950,28170,29912,28752,22338,101196,90408
2018Y 4Q,중구,182296,5257,43807,42501,33940,31356,25398,27854,28024,28508,29005,29416,22218,17231,95904,86385
2018Y 4Q,중랑구,100422,5279,20373,18899,16784,20988,18063,14066,13811,13775,13617,14283,15354,15472,51064,49350
2019Y 1Q,강남구,890470,100247,176391,202521,161110,105226,144931,131207,131262,135131,139682,137978,114101,101054,436520,453944
2019Y 1Q,강동구,594587,90903,75819,90574,90761,94626,151857,83932,83502,83815,83690,84362,87063,88178,279128,315448
2019Y 1Q,강북구,398595,51835,57664,51910,59050,63805,114299,56265,56394,56088,55928,56345,58394,59140,183305,215279
2019Y 1Q,강서구,542867,90498,73356,93209,83241,75927,126594,76852,76674,76736,76484,76714,79054,80305,253145,289716
2019Y 1Q,관악구,743842,79460,183254,136329,98776,89844,156130,103423,103352,103780,104036,105058,111626,112509,367354,376482
2019Y 1Q,광진구,491034,66082,96629,81356,69747,71487,105693,68825,68800,68919,68912,69761,72761,73013,231510,259515
2019Y 1Q,구로구,346356,43447,46910,58577,56799,54663,85923,49427,49353,49394,49194,49186,49306,50453,168005,178343
2019Y 1Q,금천구,189975,20592,27524,33004,30051,32424,46355,27219,27166,27092,27003,27038,27045,27382,94254,95716
2019Y 1Q,노원구,172928,25890,29709,21146,24169,27221,44767,24114,24039,24204,24133,24605,26069,25735,80516,92408
2019Y 1Q,도봉구,203888,28713,25776,25966,29570,32985,60843,28837,28961,28728,28552,28590,29776,30404,93871,110012
2019Y 1Q,동대문구,484677,62616,84814,69045,68904,70736,128530,69062,68746,69168,69431,68896,69682,69649,234402,250268
2019Y 1Q,동작구,435096,57438,88785,70517,57857,57196,103267,61507,61355,61585,61748,61824,63665,63367,205298,229792
2019Y 1Q,마포구,534670,69192,124176,101170,83115,62233,94738,74615,74928,75808,77013,78351,78974,74938,245443,289218
2019Y 1Q,서대문구,336691,44743,76270,51272,49623,43642,71108,48428,48626,48854,49484,49278,46830,45148,156177,180508
2019Y 1Q,서초구,525082,64110,92686,104555,90830,69422,103444,77256,76910,78618,80624,79979,68785,62867,257568,267506
2019Y 1Q,성동구,290431,37867,50864,50148,44819,42784,63915,41749,41738,42148,42579,42304,40435,39442,140697,149728
2019Y 1Q,성북구,433770,68184,83214,58137,61453,59449,103292,61224,61218,61523,61610,61574,63021,63548,199345,234419
2019Y 1Q,송파구,435516,63548,64257,78668,67736,64441,96829,61592,61461,62060,62545,62780,63091,61943,204044,231465
2019Y 1Q,양천구,366474,67557,43032,51561,57493,56540,90252,51847,51879,51782,51497,51717,53480,54223,172443,194022
2019Y 1Q,영등포구,463064,49534,71005,79327,74650,75144,113361,65852,65755,66121,66413,66913,66032,65933,227098,235956
2019Y 1Q,용산구,256146,27898,47501,50930,41787,33063,54926,36291,36183,36520,36928,37319,36680,36176,123710,132429
2019Y 1Q,은평구,473038,72772,62147,68576,71908,71115,126486,66833,66713,66510,66181,66350,69592,70818,215205,257826
2019Y 1Q,종로구,308667,26905,58626,50544,51157,48985,72413,44604,44584,45597,46810,46837,42373,37816,154411,154247
2019Y 1Q,중구,316940,24832,53167,60732,56032,51257,70888,47213,46983,48186,49800,49248,40076,35389,157780,159153
2019Y 1Q,중랑구,404282,59840,52485,59295,58415,67077,107134,57223,57234,56955,56743,56635,59014,60435,188568,215705
2019Y 2Q,강남구,866417,95467,170498,201712,159652,102015,137022,127228,133681,132863,132021,133762,109433,97377,422701,443708
2019Y 2Q,강동구,559027,84480,69951,86449,86515,88783,142806,79209,78459,79024,78833,79255,81444,82754,260620,298396
2019Y 2Q,강북구,379122,49051,55230,50016,56105,60587,108101,53714,53218,53582,53625,53796,55152,55994,171703,207413
2019Y 2Q,강서구,508805,85269,68134,88536,78895,70647,117282,72463,71794,72321,72290,72001,73234,74654,235391,273409
2019Y 2Q,관악구,713441,75699,177052,133959,95238,84457,146986,100067,99355,100282,100410,100338,105643,107286,350248,363182
2019Y 2Q,광진구,467969,62666,95111,78974,66954,66303,97920,65955,65228,65901,66000,66239,69122,69480,218098,249861
2019Y 2Q,구로구,328346,41337,44363,55977,54577,51688,80368,47002,46674,47010,46938,46742,46327,47610,159103,169235
2019Y 2Q,금천구,181948,19142,26415,32218,29101,31198,43856,26139,25984,26062,26044,25980,25608,26107,89910,92034
2019Y 2Q,노원구,161789,23786,27474,19916,22871,25726,41992,22525,22376,22645,22674,23028,24435,24073,74438,87348
2019Y 2Q,도봉구,194442,26746,24690,25047,28069,31482,58377,27551,27243,27409,27392,27319,28372,29115,88318,106120
2019Y 2Q,동대문구,479108,64037,90101,67663,66929,68007,122335,68590,68554,69065,68925,68408,67730,67791,229555,249547
2019Y 2Q,동작구,423553,57579,88143,69199,56685,54518,97394,60138,60089,60362,60391,60169,61230,61126,198611,224932
2019Y 2Q,마포구,524456,67508,123771,100603,81486,60022,91027,73455,74437,75042,75230,76573,76680,72988,237964,286485
2019Y 2Q,서대문구,332364,45044,77904,51587,49141,41833,66821,47640,48779,48995,48914,48885,45422,43685,152189,180169
2019Y 2Q,서초구,506107,62174,87099,102629,89585,66678,97908,74373,76583,76294,75921,76816,65637,60439,246794,259306
2019Y 2Q,성동구,285683,37185,51270,50013,44523,41497,61168,41111,41562,41652,41550,41722,39512,38540,136632,149043
2019Y 2Q,성북구,419421,68173,84798,56044,58519,55974,95868,59614,59601,60172,59958,59535,59972,60515,190137,229276
2019Y 2Q,송파구,423335,61992,62315,78189,66786,61774,92239,60026,59928,60371,60416,60807,61269,60469,196942,226382
2019Y 2Q,양천구,347089,64701,39593,49354,55127,53592,84687,49404,48938,49121,49080,49027,50231,51240,162478,184608
2019Y 2Q,영등포구,439100,47174,67368,76873,71205,70585,105850,62589,62796,63086,62719,63531,61998,62332,214541,224550
2019Y 2Q,용산구,252199,28231,47467,50764,41393,32280,52026,35769,36167,36263,36249,36739,35766,35201,120066,132125
2019Y 2Q,은평구,451093,70301,58876,66329,68735,67178,119637,63963,63359,63707,63616,63561,65759,67080,203573,247513
2019Y 2Q,종로구,307489,29191,57925,50296,50805,48356,70878,44071,45779,46347,45958,46491,41921,36878,151850,155635
2019Y 2Q,중구,317018,25513,53483,61382,55925,51021,69658,46943,49215,49149,48743,49053,39390,34478,156585,160428
2019Y 2Q,중랑구,388433,56645,50245,57480,56781,64519,102725,55271,54510,54719,54813,54619,56449,58010,179686,208740
2019Y 3Q,강남구,885550,103631,178073,203837,163246,103321,133394,134692,139071,138424,132278,132011,109483,99538,431790,453752
2019Y 3Q,강동구,567065,86329,72636,87522,87092,89725,143724,80462,80432,80651,80102,79490,82142,83742,264253,302804
2019Y 3Q,강북구,378529,50115,56221,50105,55435,59889,106728,53453,53439,53772,53647,53466,55050,55661,173276,205247
2019Y 3Q,강서구,515459,86718,70935,89689,79618,71413,117046,73509,73334,73438,73115,72136,74110,75762,239637,275818
2019Y 3Q,관악구,701149,74084,175758,131865,93871,83021,142492,98561,98629,98944,98549,97350,103361,105695,345174,355965
2019Y 3Q,광진구,456793,60133,93034,77344,65451,65133,95665,64499,64518,64895,64626,64020,66826,67366,214044,242743
2019Y 3Q,구로구,329916,41310,45968,56382,54815,51579,79826,47368,47204,47378,47069,46736,46430,47689,159855,170058
2019Y 3Q,금천구,178598,18797,26572,31847,28303,30232,42824,25633,25635,25641,25565,25316,25191,25589,88528,90066
2019Y 3Q,노원구,167036,24976,28594,20398,23333,26597,43114,23319,23464,23653,23369,23496,24972,24736,76918,90109
2019Y 3Q,도봉구,192242,25949,25181,25042,27688,31241,57107,27046,27064,27134,27233,27050,28015,28666,88258,103978
2019Y 3Q,동대문구,457152,58128,81844,66298,65146,66377,119325,65652,65930,65933,65166,64442,64831,65156,219982,237164
2019Y 3Q,동작구,417752,56074,84455,69196,56931,54745,96317,59455,59628,59700,59272,58611,60341,60699,196280,221465
2019Y 3Q,마포구,523933,67400,123759,100653,81962,60572,89547,74412,75348,75557,74438,75039,75735,73362,238854,285074
2019Y 3Q,서대문구,330735,43268,74521,52472,50237,42789,67418,48234,49071,49154,47961,47654,44763,43856,152942,177786
2019Y 3Q,서초구,514362,65559,92254,103675,90400,67164,95278,77523,79086,78815,75970,75881,65630,61416,250761,263595
2019Y 3Q,성동구,281445,36371,50702,50112,44389,40836,59004,41021,41488,41417,40620,40485,38488,37887,135140,146299
2019Y 3Q,성북구,411050,64609,80006,56261,58411,56421,95298,58566,58860,59114,58351,57785,58736,59595,188782,222259
2019Y 3Q,송파구,436575,64664,66229,80376,68528,63425,93315,62402,62897,63066,62168,61811,62279,61901,204035,232532
2019Y 3Q,양천구,346284,63401,41195,49093,55038,53707,83807,49229,49074,49187,49042,48642,49997,51067,163072,183207
2019Y 3Q,영등포구,449146,48464,71227,80144,72621,71214,105426,64568,64928,65147,63903,64178,62977,63391,220241,228898
2019Y 3Q,용산구,245358,27059,46028,49727,40549,31729,50224,35156,35236,35401,35020,35304,34712,34487,117519,127832
2019Y 3Q,은평구,447672,69787,59612,65697,68043,66754,117742,63052,63003,63316,63398,62896,65537,66426,202997,244666
2019Y 3Q,종로구,298010,26863,56351,49709,49636,47219,68200,43900,45262,45346,43783,44255,39724,35687,148730,149272
2019Y 3Q,중구,312961,24460,53317,61815,55688,49553,68088,47912,49409,48979,46949,47056,38107,34499,155582,157372
2019Y 3Q,중랑구,388510,56341,51333,57795,56304,64661,102042,55090,54891,54995,55031,54412,56322,57727,180839,207668
2019Y 4Q,강남구,903760,100726,178694,211087,168060,107834,137313,137030,139506,134076,135096,139667,115667,102663,439964,463784
2019Y 4Q,강동구,575327,88338,72161,88855,89863,91113,144955,81282,80776,81511,81180,81193,83886,85454,267199,308117
2019Y 4Q,강북구,393181,52214,58093,51813,57328,62436,111270,55501,55253,55807,55629,55571,57271,58113,179485,213689
2019Y 4Q,강서구,532367,89509,72138,93385,83006,73743,120549,75759,75392,75916,75406,74842,76630,78371,247451,284908
2019Y 4Q,관악구,713637,75085,177768,135010,96278,85459,143991,99600,99328,100997,100426,99604,105899,107722,350771,362857
2019Y 4Q,광진구,459409,60013,95987,77820,65545,65252,94762,64461,64244,65177,64865,64754,67738,68127,215351,244049
2019Y 4Q,구로구,327788,41933,44799,55738,54472,51013,79800,46922,46645,46576,46429,46283,46751,48144,159237,168542
2019Y 4Q,금천구,186497,19878,27228,33128,29749,31308,45190,26869,26680,26689,26555,26385,26383,26909,92439,94054
2019Y 4Q,노원구,172185,26474,29018,20901,23983,27216,44571,23707,23768,24252,24127,24402,26056,25842,79629,92549
2019Y 4Q,도봉구,195310,26489,25412,25511,28137,31689,58044,27680,27568,27606,27419,27256,28476,29270,89779,105526
2019Y 4Q,동대문구,477045,61466,89715,68814,67456,68378,121182,68269,68197,68482,68074,67813,68031,68138,229183,247854
2019Y 4Q,동작구,444319,59264,91652,73880,60818,57786,100878,63047,62905,63223,62925,62752,64833,64582,208864,235442
2019Y 4Q,마포구,539643,68744,129261,103577,84800,62655,90568,75529,76429,76831,76843,78619,79789,75559,245517,294117
2019Y 4Q,서대문구,339568,43905,79608,53795,51354,43789,67080,49315,50011,49705,49550,49587,46393,44968,156878,182685
2019Y 4Q,서초구,518393,64547,89251,105123,92663,69138,97636,77326,77951,75659,75991,78318,69987,63122,252428,265958
2019Y 4Q,성동구,299086,39352,54800,53162,46757,43149,61833,43419,43604,43263,43215,43570,41516,40465,143752,155329
2019Y 4Q,성북구,431515,68559,88869,58381,59940,58037,97682,61454,61450,61922,61509,60808,61865,62450,197378,234128
2019Y 4Q,송파구,446484,66463,66126,83017,71003,65300,94533,63403,63425,63653,63754,63999,64528,63675,208818,237662
2019Y 4Q,양천구,359909,67203,41440,50945,57306,55829,87143,51269,50806,51122,50886,50563,52024,53187,169643,190256
2019Y 4Q,영등포구,455512,49169,71595,81758,74139,72733,106074,65051,65012,64721,64673,65695,65338,64973,224127,231378
2019Y 4Q,용산구,260294,28397,49068,52600,43269,33990,52930,37019,37224,37127,37026,37697,37513,36645,123969,136319
2019Y 4Q,은평구,461116,72950,60666,68288,70586,68569,120019,64917,64680,65474,65171,64725,67336,68767,209310,251796
2019Y 4Q,종로구,311424,28680,59438,50650,51077,49434,72104,44744,46008,45938,46718,46957,43244,37768,154769,156646
2019Y 4Q,중구,324751,25966,54574,63013,57455,52592,71118,49378,50570,49011,49142,50375,40474,35756,160809,163933
2019Y 4Q,중랑구,400596,57988,52265,59786,58722,67041,104762,56967,56557,56868,56615,55916,57897,59736,186846,213745
2020Y 1Q,강남구,894955,103629,176870,207521,168352,106491,132046,134288,140203,137164,139338,136152,108595,99159,439216,455729
2020Y 1Q,강동구,585515,91911,75860,90152,91017,91347,145185,83148,82917,82966,82772,82799,84757,86107,273682,311824
2020Y 1Q,강북구,400108,52820,58917,52470,58699,63749,113422,56648,56390,56608,56347,56750,58403,58924,183722,216381
2020Y 1Q,강서구,538979,89062,75290,94688,83755,74099,122041,76455,76100,76419,76030,75989,78302,79641,250986,287984
2020Y 1Q,관악구,723690,75822,182475,137010,97671,86198,144465,101605,101372,101891,101329,101328,107187,108921,356833,366848
2020Y 1Q,광진구,460956,60731,94269,78613,66309,65905,95094,65203,64975,65174,64937,65213,67436,67972,216490,244460
2020Y 1Q,구로구,335238,44273,45848,56581,55366,52148,80984,47912,47674,47762,47624,47492,47860,48871,162990,172239
2020Y 1Q,금천구,192991,20947,29129,34396,30672,31967,45858,27700,27609,27594,27548,27480,27391,27642,96031,96957
2020Y 1Q,노원구,172806,27699,29282,20914,23879,26918,44085,24282,24121,24196,24148,24475,25788,25763,80304,92496
2020Y 1Q,도봉구,197519,27151,26015,25787,28342,31987,58210,27932,27727,27789,27656,27746,29084,29545,91747,105767
2020Y 1Q,동대문구,469707,60249,81291,70416,68666,68991,120058,67011,67171,67076,67022,66741,67213,67435,226292,243408
2020Y 1Q,동작구,441782,57819,88742,74558,61841,58495,100291,62547,62618,62572,62459,62463,64434,64646,207964,233810
2020Y 1Q,마포구,517651,66126,117559,100991,83250,61691,87994,73435,74350,74433,74811,75036,73955,71591,238594,279052
2020Y 1Q,서대문구,327677,40623,70924,54244,51520,44349,65990,47761,48603,48298,48406,47906,43819,42842,154024,173649
2020Y 1Q,서초구,503442,64648,87047,101706,90618,66850,92541,74909,77038,75738,76576,75238,63805,60098,245718,257719
2020Y 1Q,성동구,295782,38638,53687,53131,46774,42981,60537,42759,43336,43159,43316,42859,40510,39800,142941,152836
2020Y 1Q,성북구,419406,64346,80226,58806,60154,58434,97397,59481,59423,59522,59515,59368,60779,61265,193503,225894
2020Y 1Q,송파구,450230,67012,68330,84068,71601,65052,94130,64383,64688,64709,64600,64359,63933,63510,210719,239504
2020Y 1Q,양천구,374352,70286,45247,52292,59344,57094,90047,53094,52860,52953,52742,52793,54611,55253,175799,198547
2020Y 1Q,영등포구,449773,49501,71517,81424,73418,71704,102168,64673,64989,64839,64810,64617,62950,62846,221382,228380
2020Y 1Q,용산구,255311,26850,46659,52251,43092,34154,52266,36456,36663,36639,36781,36873,35979,35871,123600,131702
2020Y 1Q,은평구,463185,72409,63277,68863,71025,68329,119240,65495,65017,65286,64934,65114,68179,69123,210807,252372
2020Y 1Q,종로구,272162,23420,51013,45298,46003,44683,61710,39993,41251,40848,41190,40561,35551,32725,137666,134489
2020Y 1Q,중구,296174,21691,48578,58304,54094,49455,64016,44718,46585,45757,46354,45188,35249,32281,149035,147134
2020Y 1Q,중랑구,414799,60201,55424,61826,60246,69127,107939,58792,58432,58472,58250,58340,60681,61791,193839,220951
2020Y 2Q,강남구,875597,105984,170581,202355,166174,104584,125877,132790,133801,134606,134475,133516,108607,97750,429593,445997
2020Y 2Q,강동구,579855,92302,75220,89482,90797,89394,142620,82388,82261,82295,81898,82005,84055,84904,269561,310288
2020Y 2Q,강북구,389460,51232,58584,50948,57602,62042,109021,55291,55229,55215,55057,55238,56494,56897,178299,211156
2020Y 2Q,강서구,540285,89974,76866,95354,84538,72936,120578,76662,76829,76698,76359,76290,78120,79276,251962,288316
2020Y 2Q,관악구,708435,74733,179832,134899,95887,83930,139105,99276,99728,99860,99280,99379,104724,106126,350028,358395
2020Y 2Q,광진구,457492,59793,96223,78944,65811,64357,92328,64695,64723,64652,64452,64656,66822,67450,213504,243983
2020Y 2Q,구로구,332113,44082,45336,55754,55411,51514,79981,47673,47458,47365,47227,47138,47055,48162,161866,170242
2020Y 2Q,금천구,187589,20128,28738,33596,29565,31126,44410,27023,26905,26946,26759,26722,26409,26800,93245,94341
2020Y 2Q,노원구,168631,26533,28907,20516,23523,26132,42995,23662,23659,23622,23584,23918,25162,24993,78040,90587
2020Y 2Q,도봉구,190857,25887,25574,24941,27418,30930,56074,26972,26996,26955,26832,26829,27897,28333,88418,102434
2020Y 2Q,동대문구,464321,61326,83722,68667,67350,67090,116132,66661,66547,66705,66488,66240,65727,65913,223255,241058
2020Y 2Q,동작구,434143,57412,88309,73559,61258,56744,96828,61583,61658,61731,61381,61325,63125,63295,204073,230064
2020Y 2Q,마포구,505098,62731,114074,100609,82363,60977,84300,72097,72447,72746,72738,73285,72199,69538,233024,272062
2020Y 2Q,서대문구,318544,39860,69955,52617,49812,43035,63228,46675,46870,46986,46897,46712,42739,41626,148960,169576
2020Y 2Q,서초구,489874,64151,83465,99904,89361,65134,87826,73718,73699,74032,73947,73760,62603,58072,239313,250552
2020Y 2Q,성동구,280664,36567,52383,50404,44108,40725,56445,40871,40924,41138,41018,40911,38357,37408,135782,144873
2020Y 2Q,성북구,420393,64286,84820,59079,59953,57473,94738,59777,59764,59958,59719,59636,60502,60984,192628,227759
2020Y 2Q,송파구,432654,64591,66330,82163,69471,61930,88132,61856,62036,62125,61911,62121,61742,60816,202567,230078
2020Y 2Q,양천구,366515,69559,44456,51874,58295,55456,86832,51990,51956,51923,51691,51689,53292,53922,171187,195320
2020Y 2Q,영등포구,438330,48701,69353,80518,71790,69888,98036,63439,63275,63277,63046,63132,61202,60907,215962,222362
2020Y 2Q,용산구,247024,27008,43684,50508,42300,33482,49998,35788,35720,35792,35809,35880,34092,33898,119719,127295
2020Y 2Q,은평구,450840,70309,62397,67708,69644,66581,114165,63614,63680,63587,63284,63456,66110,67067,203781,247050
2020Y 2Q,종로구,269868,22850,51112,45295,45529,44805,60242,40180,40512,40881,40899,40592,34832,31925,136079,133781
2020Y 2Q,중구,290039,21615,47599,57323,52639,48679,62151,44691,44692,44969,44964,44565,34860,31255,145822,144209
2020Y 2Q,중랑구,407559,58966,55646,61043,59587,67334,104948,57855,57754,57623,57385,57348,59159,60393,189582,217970
2020Y 3Q,강남구,866710,106063,168398,198841,166367,104764,122232,129190,133913,131432,133895,133096,108029,97106,425096,441603
2020Y 3Q,강동구,574341,90730,73899,89090,89944,89193,141447,81795,81259,81605,81339,81090,83162,84043,266924,307410
2020Y 3Q,강북구,381996,49340,57249,49773,56376,61378,107850,54332,54095,54277,54052,54084,55434,55684,175059,206933
2020Y 3Q,강서구,550902,90409,78013,97235,87182,74702,123321,78504,77842,78030,77943,77650,79863,81019,256834,294058
2020Y 3Q,관악구,697429,72570,174263,133613,95522,83704,137709,98271,97708,97994,98063,98054,103114,104165,344930,352490
2020Y 3Q,광진구,449312,58013,93182,77682,65157,63833,91401,63715,63346,63543,63491,63514,65624,66028,208757,240547
2020Y 3Q,구로구,331641,43344,44642,55640,55422,52151,80408,47602,47294,47423,47366,46969,46975,47972,162417,169214
2020Y 3Q,금천구,186466,19701,28764,33771,29236,30922,44049,26846,26723,26755,26730,26545,26241,26597,92701,93760
2020Y 3Q,노원구,164074,25324,27126,19954,23184,25864,42592,23045,23005,23083,22998,23252,24460,24205,76027,88041
2020Y 3Q,도봉구,186841,25094,24721,24227,26886,30752,55129,26509,26341,26455,26358,26255,27266,27617,86601,100233
2020Y 3Q,동대문구,457099,58677,81178,68015,67176,67052,114973,65568,65462,65345,65632,65261,64916,64874,220586,236508
2020Y 3Q,동작구,421292,55338,83388,71507,60109,55861,95049,59757,59656,59715,59729,59650,61342,61392,197488,223794
2020Y 3Q,마포구,500067,61827,113019,99687,81813,60756,82931,71072,71912,71623,72199,72951,71578,68691,230215,269848
2020Y 3Q,서대문구,305311,38464,65338,50966,47917,41676,60916,44375,44842,44603,44853,44695,41490,40413,142306,162999
2020Y 3Q,서초구,480309,62989,80873,97729,88109,64693,85881,71561,73125,71944,72935,72762,61189,56754,234341,245960
2020Y 3Q,성동구,277671,35482,51366,50218,44026,40539,56005,40322,40649,40479,40778,40594,37881,36931,134079,143586
2020Y 3Q,성북구,401791,60431,80274,57291,57549,55469,90737,57195,57077,57133,57063,56892,58036,58342,184124,217657
2020Y 3Q,송파구,422397,62184,64777,80447,68708,60641,85599,60377,60716,60631,60742,60660,60057,59169,197680,224708
2020Y 3Q,양천구,358991,67764,43391,50750,57070,54505,85477,51001,50801,50981,50729,50553,52158,52718,167476,191507
2020Y 3Q,영등포구,434278,46970,68553,80335,71136,69637,97601,62620,62624,62551,62722,62709,60675,60328,214562,219706
2020Y 3Q,용산구,242467,26177,42747,49692,41722,32959,49133,34928,35035,34946,35195,35242,33659,33414,117457,125003
2020Y 3Q,은평구,449095,69469,61594,67773,69813,66597,113811,63675,63174,63483,63082,63120,65769,66748,202454,246631
2020Y 3Q,종로구,264083,23027,49808,44026,44209,43863,59117,38813,40089,39394,40119,39985,34343,31292,132598,131479
2020Y 3Q,중구,283532,21260,47058,56119,51469,47580,60007,42804,44085,43168,44200,43965,34444,30825,142700,140825
2020Y 3Q,중랑구,405871,58139,55056,60951,59759,67423,104506,57808,57237,57399,57219,56940,59078,60150,188485,217380
2020Y 4Q,강남구,839078,100657,158165,194052,163635,103400,119130,127933,131127,131050,125822,122325,104876,95894,413531,425538
2020Y 4Q,강동구,566690,88427,71885,89165,89453,88096,139625,80636,80154,80220,80138,80129,81932,83433,264123,302558
2020Y 4Q,강북구,377192,48261,55855,49548,56056,60840,106603,53612,53439,53353,53486,53559,54591,55113,172991,204199
2020Y 4Q,강서구,544337,89190,76098,96250,86563,74101,122094,77335,76880,76871,76854,76961,78832,80553,254100,290227
2020Y 4Q,관악구,691617,72135,168976,133090,96336,83821,137214,97263,97036,97261,96825,97405,101867,103895,342998,348613
2020Y 4Q,광진구,448774,57612,91902,78020,66001,64253,90947,63479,63324,63437,63236,63569,65345,66344,208837,239932
2020Y 4Q,구로구,329438,42897,43587,55353,55452,52115,79995,47184,46884,46962,46986,46527,46792,48058,161023,168404
2020Y 4Q,금천구,184416,19240,28252,33598,29057,30659,43587,26574,26423,26371,26399,26169,25960,26492,91605,92804
2020Y 4Q,노원구,162902,25230,26348,19900,23207,25771,42420,22929,22811,22819,22890,23040,24244,24139,75439,87458
2020Y 4Q,도봉구,187179,25223,24274,24153,27195,30965,55336,26435,26321,26310,26539,26447,27283,27804,87070,100099
2020Y 4Q,동대문구,455012,57695,82271,68130,67093,66356,113430,65462,65459,65366,64910,64563,64397,64819,219528,235478
2020Y 4Q,동작구,407470,53680,79010,69487,58807,54481,91967,57917,57985,57912,57592,57506,59000,59507,191282,216181
2020Y 4Q,마포구,486805,59974,107731,97424,80709,59857,81071,69761,70223,70438,69436,69851,69510,67541,224639,262157
2020Y 4Q,서대문구,311736,39713,64131,52810,49736,42960,62353,45749,46173,46106,45340,44809,42084,41437,145581,166146
2020Y 4Q,서초구,475433,62446,77052,97197,88839,64752,85114,72189,73029,72972,70584,69017,60584,57020,232838,242589
2020Y 4Q,성동구,271772,34147,50248,49387,43145,39985,54824,39785,40034,40102,39441,38917,36972,36480,131137,140630
2020Y 4Q,성북구,394871,58923,79668,56228,56374,55060,88578,56219,56150,56185,55877,55847,56952,57589,180845,214014
2020Y 4Q,송파구,412091,60311,62315,78625,67781,59195,83824,59131,59231,59186,58643,58829,58678,58348,193681,218404
2020Y 4Q,양천구,356877,67835,42465,50613,57133,54298,84497,50598,50238,50359,50457,50552,51877,52743,166960,189907
2020Y 4Q,영등포구,431132,46406,67065,80557,71008,69414,96644,62216,62129,62193,61893,61572,60459,60611,213112,218009
2020Y 4Q,용산구,240196,25777,41540,49415,41692,33145,48587,34769,34848,34846,34448,34346,33430,33464,116927,123263
2020Y 4Q,은평구,448881,68618,60998,68386,70367,66622,113856,63487,63038,63095,63370,63495,65540,66807,202766,246107
2020Y 4Q,종로구,257921,22196,47470,43065,43347,43483,58324,38560,39447,39465,38222,37503,33607,31071,129887,128025
2020Y 4Q,중구,277741,20897,45421,55128,50737,46616,58906,42897,43788,43633,42014,40808,33781,30774,140097,137635
2020Y 4Q,중랑구,406588,57950,54671,61504,59975,67629,104818,57546,57144,57140,57408,57492,59189,60629,189176,217405
2021Y 1Q,강남구,837532,103354,155120,192665,164314,103863,118176,126363,131103,130475,127366,123121,103747,95309,412952,424573
2021Y 1Q,강동구,566690,87195,72848,89520,89376,88282,139431,80589,80190,80046,80117,80094,82378,83227,265133,301547
2021Y 1Q,강북구,372035,47263,54817,48898,55318,60249,105455,52844,52626,52551,52724,52847,54069,54336,171530,200499
2021Y 1Q,강서구,556294,90263,78067,98731,88421,75936,124835,78914,78506,78376,78626,78576,81031,82212,260278,296009
2021Y 1Q,관악구,696847,72285,168137,134588,97350,85157,139285,98205,97863,97793,97824,97538,102889,104671,346080,350757
2021Y 1Q,광진구,451634,57962,90880,79139,67162,65119,91334,64054,63798,63711,63752,63747,65853,66679,210672,240952
2021Y 1Q,구로구,331498,42104,44052,55560,55803,52887,81053,47482,47165,47092,47190,47109,47269,48145,161984,169508
2021Y 1Q,금천구,186760,19021,29087,34123,29426,31124,43957,26811,26740,26679,26666,26585,26433,26821,93258,93497
2021Y 1Q,노원구,169088,27169,26029,20788,24350,26767,43960,23757,23644,23643,23687,23867,25340,25120,77936,91145
2021Y 1Q,도봉구,192380,26530,24635,24560,27812,31826,56984,27123,27081,27022,27215,27276,28166,28453,89959,102415
2021Y 1Q,동대문구,448789,57343,78388,67773,66555,66286,112409,64349,64441,64331,64123,63653,63861,63987,217118,231661
2021Y 1Q,동작구,407188,52885,76247,70276,59719,54953,93073,57815,57766,57756,57602,57464,59215,59525,191480,215705
2021Y 1Q,마포구,485339,60037,104068,97959,81383,60542,81314,69405,70023,70115,69667,69278,69174,67636,223669,261664
2021Y 1Q,서대문구,316829,40548,63245,53737,50954,44399,63911,46290,46849,46636,46313,45686,42793,42222,148076,168743
2021Y 1Q,서초구,477086,63401,76231,97104,90017,65477,84820,71706,73409,73058,71535,69767,60578,56990,233040,244037
2021Y 1Q,성동구,272664,33775,50276,49940,43774,40229,54637,39759,40204,40201,39757,39236,37066,36403,131951,140706
2021Y 1Q,성북구,398433,60067,76308,57285,57443,56392,90898,56590,56584,56592,56474,56373,57734,58034,183119,215304
2021Y 1Q,송파구,406111,59038,61481,77848,67240,58056,82411,58255,58370,58389,58050,57727,57901,57370,191113,214991
2021Y 1Q,양천구,361149,69052,42882,51135,57670,54934,85437,51143,50881,50921,50945,51181,52745,53280,169719,191421
2021Y 1Q,영등포구,438903,47464,68127,82941,71583,70469,98274,63165,63266,63182,62881,62676,61875,61800,217115,221777
2021Y 1Q,용산구,239831,25253,41134,49826,41736,33298,48548,34642,34815,34763,34571,34277,33359,33355,116536,123285
2021Y 1Q,은평구,454473,68252,62029,69580,71470,67853,115250,64233,63755,63753,64007,64236,66828,67616,205570,248895
2021Y 1Q,종로구,248993,21653,44810,41289,41860,42495,56851,36800,37923,37917,37142,36326,32376,30462,125219,123769
2021Y 1Q,중구,271955,20484,44330,54061,49757,45833,57456,41427,42773,42514,41451,40204,33057,30484,137309,134636
2021Y 1Q,중랑구,407171,56931,55126,61953,59645,67951,105532,57645,57141,57057,57316,57489,59617,60862,189922,217239
2021Y 2Q,강남구,861738,108149,161384,197886,167962,106777,119533,130700,133062,128253,133440,132146,107315,96770,424000,437731
2021Y 2Q,강동구,559045,87000,71845,88200,88694,86350,136916,79313,79140,79313,79073,79353,81097,81711,261641,297398
2021Y 2Q,강북구,365889,46696,54386,47889,54275,59476,103128,52037,51854,51984,51777,51904,53050,53244,167918,197964
2021Y 2Q,강서구,526289,86903,74059,92944,84184,70879,117276,74621,74318,74547,74297,74240,76647,77568,245495,280784
2021Y 2Q,관악구,690035,72487,169767,133208,96143,83996,134382,96804,96826,97767,96788,97020,101876,102884,343101,346925
2021Y 2Q,광진구,444062,57028,91923,77428,65663,63519,88464,62680,62648,63175,62551,62815,64912,65237,206205,237849
2021Y 2Q,구로구,326526,41455,43725,54574,54787,52430,79523,46815,46590,46401,46514,46495,46348,47325,159227,167293
2021Y 2Q,금천구,183084,18133,28714,33941,29095,30680,42498,26399,26287,26174,26181,26180,25749,26092,91370,91710
2021Y 2Q,노원구,166149,26483,26273,20251,23695,26333,43085,23199,23215,23284,23216,23473,24973,24762,76253,89890
2021Y 2Q,도봉구,190148,25750,24281,24271,27685,31427,56703,26813,26761,26842,26750,26775,27927,28244,88263,101879
2021Y 2Q,동대문구,448645,59096,80818,67412,66027,65343,109911,64409,64361,64212,64332,64129,63650,63511,216329,232309
2021Y 2Q,동작구,406704,53652,77536,70016,59634,54276,91554,57730,57690,57847,57661,57719,58979,59031,191108,215591
2021Y 2Q,마포구,492412,60258,109381,99937,82493,60771,79537,70041,70564,70665,70826,71489,70655,68124,225580,266824
2021Y 2Q,서대문구,324791,42774,67164,55043,52007,44738,63029,47701,47850,47212,47920,47678,43620,42771,151120,173664
2021Y 2Q,서초구,481858,64872,78370,98254,91172,66010,83149,72723,73327,71001,73193,72997,61501,57076,235380,246468
2021Y 2Q,성동구,280728,35081,53920,51528,44832,40828,54506,40993,41160,40827,41290,41197,38089,37134,135187,145532
2021Y 2Q,성북구,399019,62326,78876,56655,56881,55512,88730,56743,56617,56798,56719,56625,57653,57817,182025,216983
2021Y 2Q,송파구,410035,59565,62683,79211,68401,58382,81752,58595,58717,58798,58734,58943,58591,57612,192546,217480
2021Y 2Q,양천구,356890,69401,42165,50493,57139,53674,83976,50465,50353,50638,50374,50479,52042,52493,167547,189334
2021Y 2Q,영등포구,438522,47207,68422,83616,71762,70609,96860,63154,63183,62719,63059,63374,61627,61357,216059,222454
2021Y 2Q,용산구,242636,25896,42975,51121,41696,33183,47724,34971,35104,34926,35068,35207,33741,33571,116964,125665
2021Y 2Q,은평구,444178,67244,60631,67734,70143,66422,111969,62833,62560,62952,62472,62578,65005,65729,200009,244158
2021Y 2Q,종로구,259276,22790,48152,43108,43040,43929,58219,38393,39043,38612,39160,38857,33789,31378,128874,130397
2021Y 2Q,중구,281220,21559,46239,56165,51431,47234,58557,43036,43647,42230,43618,43300,34283,31065,141043,140169
2021Y 2Q,중랑구,395544,55163,53698,60086,58263,65899,102402,56011,55760,55958,55570,55586,57759,58855,183854,211684
